<?xml version="1.0" encoding="UTF-8"?>
<project-private xmlns="http://www.netbeans.org/ns/project-private/1">
    <editor-bookmarks xmlns="http://www.netbeans.org/ns/editor-bookmarks/2" lastBookmarkId="0"/>
    <open-files xmlns="http://www.netbeans.org/ns/projectui-open-files/2">
        <group>
            <file>file:/C:/Users/Admin/Documents/External%20Testing/oopsubmission/src/gui/AttendanceTrackingGUI.java</file>
            <file>file:/C:/Users/Admin/Documents/External%20Testing/oopsubmission/src/gui/UserManagement.java</file>
            <file>file:/C:/Users/Admin/Documents/External%20Testing/oopsubmission/src/CSV/OOP%20CSV%20Database%20-%20User%20Credentials.csv</file>
        </group>
    </open-files>
</project-private>
